"Pack","File","Sec","KB"
"amongus","01_among-us-role-reveal-sound-34956.mp3","4,57","97,6"
"amongus","02_among-us-35001.mp3","3,83","60,7"
"amongus","03_amongus-sus-74999.mp3","4,65","73,7"
"amongus","04_amogus-screaming-61412.mp3","1,02","17,1"
"amongus","05_amogus-full-7204.mp3","7,55","118,7"
"amongus","06_amongus-78813.mp3","10,5","165,3"
"amongus","07_among-us-roundstart-17570.mp3","4,49","70,9"
"amongus","08_trollface-smile-21535.mp3","5,29","95,9"
"cs","01_bomb_planted.mp3","1,62","26,1"
"cs","03_terrorists_win.mp3","2,32","37,3"
"cs","04_cts_win.mp3","2,01","16,3"
"cs","05_fire_in_the_hole.mp3","1,88","30,5"
"cs","07_enemy_spotted.mp3","1,54","25,1"
"cs","08_counter-strike-ok-lets-go.mp3","1,62","26,1"
"cs","09_counter-strike-go-go-go.mp3","1,62","26"
"cs","09_roger.mp3","0,94","4,1"
"cs","10_c4-explosion-counter-strike.mp3","16,2","253,8"
"cs","11_clip.mp3","0,66","3,1"
"cs","12_antes-que-eu-fico-bebado-15508.mp3","17,16","268,9"
"cs","12_lets_go.mp3","0,86","14,1"
"dota2","01_first_blood.mp3","1,49","23,9"
"dota2","03_triple_kill.mp3","2,32","37,1"
"dota2","05_ownage.mp3","2,49","10,3"
"dota2","06_denied.mp3","2,09","17"
"dota2","07_missing.mp3","1,8","28,9"
"dota2","08_dota-rampage.mp3","1,96","8,1"
"dota2","09_impressive.mp3","2,06","33"
"dota2","09_ne-nado-diadia-83862.mp3","6,22","97,3"
"dota2","10_holy_shit.mp3","3,61","57,5"
"dota2","10_techies-proximity-mines-66023.mp3","1,37","22,3"
"gtav","01_wasted.mp3","0,99","16,7"
"gtav","04_lester.mp3","3,82","60,6"
"gtav","05_franklin.mp3","3,24","51,4"
"gtav","06_gta-v-wasted.mp3","7,76","121,9"
"gtav","07_gta-v-wasted-death-sound-8038.mp3","7,76","121,9"
"gtav","07_michael.mp3","0,94","15,3"
"gtav","08_gta-5-wasted-51876.mp3","7,51","118"
"gtav","09_gta-v-wasted-sound-effect-18669.mp3","7,76","122"
"gtav","10_gta-wasted-46606.mp3","4,76","75,4"
"gtav","10_horn.mp3","2,3","36,7"
"l4d2","01_boomer.mp3","1,98","6,2"
"l4d2","02_hunter.mp3","3,4","53,8"
"l4d2","03_smoker.mp3","3,03","48"
"l4d2","05_witch-cry-l4d2-78308.mp3","16,35","256,2"
"l4d2","06_left-4-dead-boomer-spawn-sound-23055.mp3","4,54","70,9"
"l4d2","07_charger.mp3","2,87","45,6"
"l4d2","07_jockey-3-93161.mp3","4,1","64,7"
"l4d2","08_l4d-safe-theme-8903.mp3","8,51","133,7"
"l4d2","09_coach-scream-24394.mp3","2,87","23,3"
"l4d2","10_left-4-dead-charger-spawn-sound-57241.mp3","1,87","29,2"
"l4d2","11_juquinha-jockey-15785.mp3","15,86","124,3"
"l4d2","12_francis-yells-louis-67786.mp3","0,81","6,8"
"memes","01_bruh.mp3","0,82","13,7"
"memes","04_spongebob.mp3","5,64","726,9"
"memes","05_patrick.mp3","9,77","153,4"
"memes","06_fail.mp3","2,41","38,6"
"memes","07_wow.mp3","2,14","34"
"memes","08_nope.mp3","0,37","3,5"
"memes","08_vine-boom-sound-70972.mp3","1,25","20,7"
"memes","09_bing-chilling-44511.mp3","2,5","39,8"
"memes","09_run.mp3","4,88","38,6"
"memes","10_bruh-sound-effect-26614.mp3","0,82","13,7"
"metro","03_radiation-43030.mp3","9,87","154,9"
"metro","04_radiation-sound-danger-45691.mp3","25,82","202,7"
"metro","05_geiger-counter-clicking-55009.mp3","1,71","54,9"
"metro","06_ranger.mp3","2,14","34"
"metro","06_rude-buster-with-z-spam-39381.mp3","1,65","25,7"
"metro","07_dark.mp3","6","94,4"
"metro","07_plutonium-jazz-20829.mp3","13,89","156,6"
"metro","08_geiger-counter-59480.mp3","22,52","176,5"
"minecraft","01_creeper.mp3","4,55","71,7"
"minecraft","05_villager.mp3","0,76","6,5"
"minecraft","06_creeper-explosion-minecraft-82866.mp3","4,05","64"
"minecraft","06_enderman.mp3","1,49","12,1"
"minecraft","07_minecraft-explosions-53883.mp3","11,42","179,5"
"minecraft","08_minecraft-creeper-fuse-2270.mp3","5,95","93,6"
"minecraft","09_levelup.mp3","3,42","54,1"
"minecraft","09_revenge-creeper-aw-man-41059.mp3","3,84","60,6"
"minecraft","10_hurt.mp3","0,37","3,3"
"minecraft","10_minecraft-creeper-new-explosion-74676.mp3","6,99","110"
"roblox","01_oof.mp3","1","16,6"
"roblox","04_splat.mp3","1,9","4,3"
"roblox","05_roblox-oof.mp3","1","16,6"
"roblox","05_victory.mp3","4,17","66"
"roblox","06_enjoy-marios-agony-69055.mp3","16,04","251,4"
"roblox","06_error.mp3","2,27","13,7"
"stalker","01_zone.mp3","3,42","27,2"
"stalker","03_hl2-stalker-scream-30940.mp3","2,18","35"
"stalker","04_pda-sound-stalker-71176.mp3","1,32","21,7"
"stalker","05_half-life-2-stalker-scream-6406.mp3","2,18","35,2"
"stalker","06_get-out-of-here-stalker.mp3","1,52","12,3"
"stalker","07_stalker-pda-15814.mp3","6,37","100,3"
"stalker","08_anekdot-pro-chernogo-stalkera-53311.mp3","41,25","218,5"
"stalker","09_get_out.mp3","1,52","12,3"
"stalker","09_zvuk-psi-izlucheniia-97195.mp3","11,28","265,8"
"stalker","10_a-nu-ka-pomatsaem-kto-u-nas-tut-36390.mp3","3,71","58,6"
"standoff","01_headshot.mp3","3,81","15,3"
"standoff","02_ace.mp3","1,62","26"
"standoff","04_nice.mp3","1,62","10,1"
"standoff","05_gg.mp3","2,56","40,7"
"standoff","06_rush.mp3","1,41","23,1"
"standoff","07_standoff-2-zvuk-bomby-56767.mp3","48,31","188,9"
"standoff","08_cowboy-standoff-45865.mp3","19,18","197,9"
"standoff","08_plant.mp3","1,62","26,1"
"tarkov","01_cheeki_breeki.mp3","1,25","10,5"
"tarkov","02_opasno.mp3","1,24","20,2"
"tarkov","04_tarkov-angry-scav-best-insult-30124.mp3","29,87","233,9"
"tarkov","05_tarkov-scav-cheeki-breeki-2576.mp3","2,39","38,2"
"tarkov","06_opatski-54618.mp3","1,39","22,4"
"tarkov","07_tarkov-scav-laughing-2-95548.mp3","1,56","25,1"
"tarkov","08_scav-sing-71318.mp3","3,76","59,4"
"tarkov","09_tarkov-scav-5-story-20933.mp3","6,85","107,9"
"tarkov","10_cheeki-breekie-90545.mp3","3,86","61"
"tarkov","11_oppacski-tarkov-50667.mp3","1,24","20,2"
"tarkov","12_raid.mp3","1,25","10,5"
"tarkov","12_tarkov-scav-laughing-3-95706.mp3","2,86","45,7"
"tf2","01_spy.mp3","2,6","41,8"
"tf2","02_medic.mp3","2,46","19,6"
"tf2","04_demo.mp3","1,99","31,7"
"tf2","06_scout.mp3","0,47","8"
"tf2","07_medic-by-heavy-tf2.mp3","1,26","10,4"
"tf2","08_meem-tf2.mp3","0,65","10,9"
"tf2","09_tf2-medic-and-heavy-get-it-on-26714.mp3","30,1","117,6"
"tf2","09_victory.mp3","3,79","59,8"
"tf2","10_domination.mp3","6,35","100"
"tf2","10_medic-gaming-tf2-38450.mp3","1,34","21,7"
"valorant","03_valorant-spike-plant-60796.mp3","1,74","28,1"
"valorant","04_defuse-valorant-90468.mp3","1,04","17"
"valorant","05_valorant-ace-sound-63214.mp3","5,62","88,9"
"valorant","06_valorant-teleporter-97050.mp3","1,54","25,1"
"valorant","07_valorant-kill-sound-61260.mp3","3,08","49"
"valorant","08_flawless.mp3","4,47","71"
"valorant","08_valorant-defuse-83075.mp3","0,95","15,8"
"valorant","09_valorant-footstep-96493.mp3","9,71","152,6"
"valorant","10_lets_go.mp3","0,86","14,1"
"valorant","10_valorant-chamber-enemy-ult-38139.mp3","2,3","37"
